0.289196,0.08247712,1
-0.19125676,0.03941615,1
0.05577095,0.13581242,1
0.09582599,-0.04346608,1
-0.06693949,-0.0285905,1
0.06944541,-0.00693914,1
0.02058772,-0.32765737,1
0.20841369,-0.04785797,1
0.04421237,-0.01547243,1
0.10638508,0.00453498,1
-0.03602607,-0.0063807,1
-0.17638016,-0.1131398,1
0.05644436,-0.19842343,1
-0.19053255,-0.34353238,1
-0.19564785,0.11325549,1
-0.11350581,0.1452182,1
0.289196,0.08247712,1
-0.19564785,0.11325549,1
0.04010161,-0.02981747,1
-0.12514735,0.16866801,1
-0.03159264,0.08433544,1
-0.12491791,0.05135687,1
0.289196,0.08247712,1
-0.04102347,0.24232337,1
-0.00932245,0.09350328,1
-0.03698718,-0.06166615,1
0.02058772,-0.32765737,1
0.289196,0.08247712,1
-0.19564785,0.11325549,1
-0.19564785,0.11325549,1
-0.18725023,0.00350151,1
0.289196,0.08247712,1
0.289196,0.08247712,1
-0.19564785,0.11325549,1
-0.19077856,0.07243728,1
-0.13091146,0.05666617,1
-0.01601856,0.0609878,1
0.03343441,0.02010544,1
-0.00178535,-0.12780561,1
-0.03602607,-0.0063807,1
-0.13171872,0.0248873,1
0.14527917,0.01031156,1
0.09433053,0.06945338,1
0.06180513,0.01709478,1
-0.07836376,-0.20838729,1
0.02058772,-0.32765737,1
0.00335548,-0.10187323,1
-0.11350581,0.1452182,1
0.01234491,-0.05030597,1
-0.06638931,0.02362335,1
-0.19564785,0.11325549,1
0.05577095,0.13581242,1
0.1945668,0.01820776,1
0.03907735,-0.19312222,1
-0.06760657,0.03949779,1
-0.12593379,0.06707849,1
-0.03442585,0.11290757,1
-0.09621704,0.06916409,1
-0.11350581,0.1452182,1
0.02058772,-0.32765737,1
0.07069419,0.07198976,1
-0.19564785,0.11325549,1
-0.04859762,0.10169715,1
0.02627552,-0.02747674,1
0.02323466,0.00464784,1
-0.19564785,0.11325549,1
-0.19564785,0.11325549,1
-0.03698718,-0.06166615,1
0.02058772,-0.32765737,1
0.05577095,0.13581242,1
0.0401241,-0.03324014,1
0.02058772,-0.32765737,1
-0.11350581,0.1452182,1
-0.06693949,-0.0285905,1
-0.09621704,0.06916409,1
0.08891177,-0.04553763,1
-0.06693949,-0.0285905,1
0.02323466,0.00464784,1
0.20841369,-0.04785797,1
-0.09759497,0.02745359,1
-0.06693949,-0.0285905,1
0.00763771,-0.07109003,1
-0.09731042,-0.02620066,1
0.289196,0.08247712,1
0.02058772,-0.32765737,1
-0.05324217,-0.08249986,1
0.02058772,-0.32765737,1
-0.19564785,0.11325549,1
-0.19564785,0.11325549,1
0.19356458,-0.06790449,1
-0.00861833,0.03774841,1
0.06944541,-0.00693914,1
0.00335548,-0.10187323,1
-0.19564785,0.11325549,1
-0.09940495,-0.22259466,1
-0.19564785,0.11325549,1
0.02034949,-0.00112907,1
0.289196,0.08247712,1
-0.11642718,-0.27250408,1
-0.08743764,0.0040885,1
0.00723267,-0.14810748,1
-0.19564785,0.11325549,1
0.02058772,-0.32765737,1
-0.14905537,-0.28866836,1
-0.07966157,-0.01121728,1
-0.11940575,0.07900135,1
0.09565929,0.12117549,1
-0.15631191,-0.10059424,1
0.02058772,-0.32765737,1
0.02058772,-0.32765737,1
0.05577095,0.13581242,1
-0.19564785,0.11325549,1
0.289196,0.08247712,1
-0.19077856,0.07243728,1
-0.02869729,-0.00111533,1
0.02058772,-0.32765737,1
-0.14129561,0.05709359,1
0.20841369,-0.04785797,1
0.13450295,-0.09388966,1
0.23911424,0.04296034,1
0.05482173,0.01114787,1
0.01249598,-0.11510729,1
0.02058772,-0.32765737,1
-0.14252296,-0.02533322,1
-0.19564785,0.11325549,1
-0.06693949,-0.0285905,1
0.03657968,0.00531752,1
0.1945668,0.01820776,1
-0.02580187,-0.00993229,1
-0.18962418,0.06276033,1
-0.06693949,-0.0285905,1
-0.08743764,0.0040885,1
-0.06760657,0.03949779,1
-0.05941037,0.18255586,1
0.16115025,-0.13731683,1
0.10638508,0.00453498,1
-0.01115449,-0.05965467,1
-0.19564785,0.11325549,1
0.13277918,0.00601281,1
-0.19564785,0.11325549,1
-0.19564785,0.11325549,1
0.02058772,-0.32765737,1
-0.21502568,0.25272097,1
-0.18294187,-0.00361958,1
0.09327233,-0.07339643,1
0.00401702,-0.05147394,1
-0.05399219,-0.37337381,1
-0.22180725,-0.00460976,1
0.05577095,0.13581242,1
0.26657877,0.06159183,1
-0.19077856,0.07243728,1
0.09169505,-0.02025275,1
-0.19564785,0.11325549,1
-0.06693949,-0.0285905,1
-0.13755212,-0.13909293,1
-0.16814366,-0.24999767,1
0.289196,0.08247712,1
-0.09760884,0.04378343,1
-0.19564785,0.11325549,1
-0.00861833,0.03774841,1
0.00956459,-0.03163907,1
0.289196,0.08247712,1
-0.11350581,0.1452182,1
-0.19564785,0.11325549,1
-0.12361046,0.02362982,1
-0.16769471,-0.03448194,1
0.05743754,-0.06291268,1
0.05577095,0.13581242,1
-0.25841259,-0.1484807,1
-0.19564785,0.11325549,1
-0.01601856,0.0609878,1
0.02058772,-0.32765737,1
-0.02771396,-0.00949166,1
0.09433053,0.06945338,1
-0.19564785,0.11325549,1
0.03263154,0.20440413,1
-0.17633016,-0.21280243,1
-0.22051902,0.09737878,1
-0.19564785,0.11325549,1
-0.19564785,0.11325549,1
0.05577095,0.13581242,1
-0.10321749,-0.06067491,1
0.289196,0.08247712,1
0.07537605,-0.0454762,1
0.289196,0.08247712,1
0.289196,0.08247712,1
0.289196,0.08247712,1
0.289196,0.08247712,1
0.289196,0.08247712,1
0.289196,0.08247712,1
0.289196,0.08247712,1
0.289196,0.08247712,1
0.289196,0.08247712,1
0.289196,0.08247712,1
0.289196,0.08247712,1
0.289196,0.08247712,1
0.289196,0.08247712,1
0.289196,0.08247712,1
0.289196,0.08247712,1
0.289196,0.08247712,1
0.289196,0.08247712,1
0.289196,0.08247712,1
-0.00243696,0.0954088,1
0.289196,0.08247712,1
0.289196,0.08247712,1
-0.05399219,-0.37337381,1
0.289196,0.08247712,1
-0.19125676,0.03941615,1
0.05577095,0.13581242,1
0.289196,0.08247712,1
-0.19564785,0.11325549,1
-0.14703072,-0.00061516,1
-0.01734341,0.0340612,1
0.01944738,-0.06432609,1
-0.19564785,0.11325549,1
0.20421046,-0.12425649,1
-0.12593379,0.06707849,1
-0.14040266,-0.06629729,1
-0.19564785,0.11325549,1
-0.11350581,0.1452182,1
0.064669,-0.07831107,1
0.289196,0.08247712,1
0.02058772,-0.32765737,1
0.03343441,0.02010544,1
-0.19077856,0.07243728,1
-0.05220617,0.00466003,1
-0.06693949,-0.0285905,1
-0.19564785,0.11325549,1
-0.06760657,0.03949779,1
-0.07263087,0.13526603,1
0.02058772,-0.32765737,1
0.289196,0.08247712,1
-0.20204967,0.06916189,1
-0.19564785,0.11325549,1
0.02627552,-0.02747674,1
0.06538411,0.15541868,1
-0.01133605,0.00344047,1
0.12350258,0.00728522,1
-0.18077785,-0.17551836,1
-0.19564785,0.11325549,1
-0.14905537,-0.28866836,1
0.06195117,0.00373065,1
-0.09759497,0.02745359,1
-0.19564785,0.11325549,1
-0.19564785,0.11325549,1
-0.12514735,0.16866801,1
-0.01567368,-0.11385264,1
0.05577095,0.13581242,1
-0.19564785,0.11325549,1
0.289196,0.08247712,1
0.08891177,-0.04553763,1
0.03693881,-0.05626183,1
0.06958959,-0.05725489,1
-0.19564785,0.11325549,1
0.1945668,0.01820776,1
-0.19564785,0.11325549,1
-0.06772386,-0.03659464,1
-0.04693967,0.01370604,1
0.17635588,-0.08316933,1
0.06944541,-0.00693914,1
0.06944541,-0.00693914,1
0.289196,0.08247712,1
-0.19564785,0.11325549,1
0.13450295,-0.09388966,1
0.09582599,-0.04346608,1
-0.14095666,-0.02809033,1
-0.19564785,0.11325549,1
0.09433053,0.06945338,1
-0.19564785,0.11325549,1
-0.19077856,0.07243728,1
-0.06760657,0.03949779,1
-0.19564785,0.11325549,1
0.05577095,0.13581242,1
-0.19564785,0.11325549,1
0.22299923,0.0567217,1
0.289196,0.08247712,1
-0.19564785,0.11325549,1
0.1396076,-0.0133208,1
0.1945668,0.01820776,1
0.289196,0.08247712,1
0.289196,0.08247712,1
-0.12514735,0.16866801,1
0.289196,0.08247712,1
0.289196,0.08247712,1
0.19356458,-0.06790449,1
0.289196,0.08247712,1
-0.13091146,0.05666617,1
0.05577095,0.13581242,1
-0.19564785,0.11325549,1
-0.06760657,0.03949779,1
-0.19564785,0.11325549,1
-0.19125676,0.03941615,1
0.05577095,0.13581242,1
-0.19564785,0.11325549,1
0.1945668,0.01820776,1
-0.06693949,-0.0285905,1
-0.10581171,-0.10276594,1
-0.19564785,0.11325549,1
0.00645727,0.05033402,1
0.02058772,-0.32765737,1
-0.19564785,0.11325549,1
0.02058772,-0.32765737,1
-0.19077856,0.07243728,1
0.289196,0.08247712,1
-0.19564785,0.11325549,1
0.12575308,-0.10881098,1
0.289196,0.08247712,1
0.289196,0.08247712,1
-0.18294187,-0.00361958,1
0.05577095,0.13581242,1
-0.19564785,0.11325549,1
-0.19564785,0.11325549,1
0.289196,0.08247712,1
0.02267488,-0.33453689,1
0.02058772,-0.32765737,1
0.09582599,-0.04346608,1
0.02058772,-0.32765737,1
-0.11350581,0.1452182,1
0.05577095,0.13581242,1
0.02058772,-0.32765737,1
-0.18962418,0.06276033,1
0.064669,-0.07831107,1
-0.14905537,-0.28866836,1
0.02058772,-0.32765737,1
-0.01601856,0.0609878,1
-0.06693949,-0.0285905,1
-0.19125676,0.03941615,1
0.05577095,0.13581242,1
0.06944541,-0.00693914,1
0.06195117,0.00373065,1
0.02058772,-0.32765737,1
0.09433053,0.06945338,1
0.05764754,-0.14573554,1
0.02058772,-0.32765737,1
0.289196,0.08247712,1
0.289196,0.08247712,1
-0.17282681,-0.0181488,1
0.00723267,-0.14810748,1
-0.01996127,-0.00724298,1
0.02058772,-0.32765737,1
-0.01734341,0.0340612,1
0.2759698,-0.12030558,1
0.289196,0.08247712,1
0.05577095,0.13581242,1
-0.06760657,0.03949779,1
-0.19564785,0.11325549,1
0.15176709,0.00672758,1
0.05577095,0.13581242,1
-0.25235304,-0.14882833,1
-0.01601856,0.0609878,1
-0.0178005,0.02861837,1
-0.08150225,0.15183681,1
-0.07130601,0.02198383,1
-0.00861833,0.03774841,1
0.05577095,0.13581242,1
-0.06638931,0.02362335,1
0.05577095,0.13581242,1
-0.01783654,-0.00167747,1
-0.19564785,0.11325549,1
0.289196,0.08247712,1
0.15176709,0.00672758,1
-0.17870322,-0.02521,1
-0.19564785,0.11325549,1
-0.03584382,-0.02624496,1
0.05577095,0.13581242,1
-0.09759497,0.02745359,1
-0.19564785,0.11325549,1
0.13658211,0.04839286,1
-0.05951368,0.02722114,1
-0.11293586,-0.30582433,1
-0.00861833,0.03774841,1
0.289196,0.08247712,1
-0.11350581,0.1452182,1
-0.11350581,0.1452182,1
-0.19564785,0.11325549,1
-0.06760657,0.03949779,1
0.00349139,-0.03795357,1
0.00335548,-0.10187323,1
0.02058772,-0.32765737,1
-0.19564785,0.11325549,1
-0.05220617,0.00466003,1
0.03686962,-0.04993027,1
-0.19077856,0.07243728,1
0.05577095,0.13581242,1
-0.08052346,-0.0297318,1
-0.10122845,-0.22540298,1
0.02058772,-0.32765737,1
0.131543,-0.00112852,1
0.05577095,0.13581242,1
0.1414959,-0.02502582,1
-0.26948832,-0.22490761,1
-0.19187694,0.09014792,1
-0.06693949,-0.0285905,1
0.15176709,0.00672758,1
-0.11350581,0.1452182,1
-0.18962418,0.06276033,1
-0.19564785,0.11325549,1
0.289196,0.08247712,1
0.05577095,0.13581242,1
-0.18294187,-0.00361958,1
0.03000338,-0.01556851,1
-0.09621704,0.06916409,1
-0.02580187,-0.00993229,1
-0.03911305,0.06526365,1
0.03899673,-0.21318403,1
0.02058772,-0.32765737,1
0.289196,0.08247712,1
-0.19564785,0.11325549,1
0.08107533,0.10813452,1
0.02058772,-0.32765737,1
-0.11350581,0.1452182,1
-0.19077856,0.07243728,1
0.09433053,0.06945338,1
0.289196,0.08247712,1
0.1945668,0.01820776,1
-0.18962418,0.06276033,1
0.02627552,-0.02747674,1
-0.13604378,0.04484405,1
0.03686962,-0.04993027,1
0.02058772,-0.32765737,1
0.09433053,0.06945338,1
0.03343441,0.02010544,1
-0.19564785,0.11325549,1
-0.19077856,0.07243728,1
-0.17870322,-0.02521,1
0.289196,0.08247712,1
0.02058772,-0.32765737,1
0.02058772,-0.32765737,1
0.05577095,0.13581242,1
0.20261913,-0.06599371,1
-0.11350581,0.1452182,1
0.06038262,-0.04599836,1
0.289196,0.08247712,1
0.02058772,-0.32765737,1
-0.29945163,0.10319494,1
0.02058772,-0.32765737,1
0.289196,0.08247712,1
0.01234491,-0.05030597,1
-0.19564785,0.11325549,1
0.01336697,0.08096557,1
0.289196,0.08247712,1
-0.00861833,0.03774841,1
0.02058772,-0.32765737,1
0.00645727,0.05033402,1
0.289196,0.08247712,1
-0.19564785,0.11325549,1
0.289196,0.08247712,1
0.289196,0.08247712,1
-0.19564785,0.11325549,1
0.05577095,0.13581242,1
-0.17870322,-0.02521,1
-0.13091146,0.05666617,1
0.06924391,-0.00657679,1
0.03963428,0.06288522,1
-0.19581921,0.11469202,1
-0.19564785,0.11325549,1
0.02058772,-0.32765737,1
-0.00932245,0.09350328,1
-0.03178891,-0.14184704,1
0.22299923,0.0567217,1
-0.14905537,-0.28866836,1
0.02058772,-0.32765737,1
-0.06693949,-0.0285905,1
-0.19564785,0.11325549,1
0.02058772,-0.32765737,1
0.064669,-0.07831107,1
0.01944738,-0.06432609,1
0.02058772,-0.32765737,1
-0.08958559,0.0955091,1
0.289196,0.08247712,1
-0.02213782,-0.12150526,1
0.03924828,0.0599867,1
-0.14146593,-0.02390244,1
0.02058772,-0.32765737,1
-0.08068477,-0.05886642,1
0.289196,0.08247712,1
-0.19564785,0.11325549,1
0.06944541,-0.00693914,1
0.05577095,0.13581242,1
0.02058772,-0.32765737,1
-0.19125676,0.03941615,1
0.02058772,-0.32765737,1
-0.10438335,0.01965277,1
-0.19564785,0.11325549,1
-0.02580187,-0.00993229,1
-0.19564785,0.11325549,1
0.02058772,-0.32765737,1
-0.19564785,0.11325549,1
0.05577095,0.13581242,1
0.289196,0.08247712,1
0.03343441,0.02010544,1
-0.03986846,0.08308575,1
0.01234491,-0.05030597,1
-0.19564785,0.11325549,1
0.289196,0.08247712,1
0.06944541,-0.00693914,1
0.289196,0.08247712,1
0.00604945,-0.03517233,1
-0.19564785,0.11325549,1
-0.19077856,0.07243728,1
0.30759765,-0.08829238,1
-0.12941067,0.05999539,1
0.02058772,-0.32765737,1
-0.19564785,0.11325549,1
0.02058772,-0.32765737,1
0.289196,0.08247712,1
0.02058772,-0.32765737,1
0.289196,0.08247712,1
-0.22925125,-0.21395124,1
0.013371,-0.00839527,1
-0.20454487,0.16244211,1
-0.04327474,0.11009737,1
-0.02376904,0.0818388,1
0.06180513,0.01709478,1
0.02058772,-0.32765737,1
-0.16051719,-0.045264,1
0.05577095,0.13581242,1
-0.19473391,0.10682456,1
-0.01567368,-0.11385264,1
-0.06760657,0.03949779,1
-0.27634767,-0.0071876,1
-0.01766984,0.02837407,1
-0.16890772,0.04038123,1
-0.11350581,0.1452182,1
0.08891177,-0.04553763,1
0.02058772,-0.32765737,1
-0.09123801,-0.04812248,1
-0.00861833,0.03774841,1
0.05577095,0.13581242,1
-0.19564785,0.11325549,1
0.289196,0.08247712,1
0.05764754,-0.14573554,1
0.289196,0.08247712,1
-0.06693949,-0.0285905,1
-0.11350581,0.1452182,1
0.06180513,0.01709478,1
-0.19564785,0.11325549,1
0.06944541,-0.00693914,1
-0.26178662,-0.05414171,1
-0.19125676,0.03941615,1
-0.0178005,0.02861837,1
-0.11350581,0.1452182,1
0.02066503,0.14535342,1
0.02058772,-0.32765737,1
0.02643055,0.07007909,1
0.08891177,-0.04553763,1
0.23764849,0.00766251,1
-0.19564785,0.11325549,1
0.02058772,-0.32765737,1
0.289196,0.08247712,1
0.03686962,-0.04993027,1
-0.19564785,0.11325549,1
-0.10490892,0.0577816,1
0.09582599,-0.04346608,1
0.289196,0.08247712,1
-0.19564785,0.11325549,1
0.1945668,0.01820776,1
0.00335548,-0.10187323,1
-0.05247124,-0.02074364,1
-0.069227,-0.05462565,1
0.15176709,0.00672758,1
0.02058772,-0.32765737,1
-0.21348166,-0.12268331,1
-0.10321749,-0.06067491,1
0.15176709,0.00672758,1
-0.09759497,0.02745359,1
-0.19564785,0.11325549,1
0.02058772,-0.32765737,1
0.02058772,-0.32765737,1
-0.19564785,0.11325549,1
-0.03016639,-0.03776943,1
-0.19564785,0.11325549,1
-0.19564785,0.11325549,1
-0.06693949,-0.0285905,1
-0.19564785,0.11325549,1
0.02058772,-0.32765737,1
0.289196,0.08247712,1
-0.0340177,0.04043151,1
0.02420734,0.05982104,1
-0.17101882,0.17763192,1
0.05577095,0.13581242,1
-0.19125676,0.03941615,1
0.05577095,0.13581242,1
0.02058772,-0.32765737,1
0.22067993,0.07703005,1
-0.00254934,0.00512845,1
-0.19564785,0.11325549,1
0.20841369,-0.04785797,1
0.09582599,-0.04346608,1
-0.02213782,-0.12150526,1
-0.0912729,0.13062098,1
-0.19581921,0.11469202,1
0.289196,0.08247712,1
-0.19564785,0.11325549,1
-0.12674757,-0.31706306,1
-0.00861833,0.03774841,1
-0.03698718,-0.06166615,1
0.09433053,0.06945338,1
-0.11350581,0.1452182,1
0.03343441,0.02010544,1
-0.11350581,0.1452182,1
0.05577095,0.13581242,1
0.08107533,0.10813452,1
0.064669,-0.07831107,1
-0.05220617,0.00466003,1
0.289196,0.08247712,1
-0.19125676,0.03941615,1
0.02058772,-0.32765737,1
0.03907735,-0.19312222,1
-0.11350581,0.1452182,1
0.02323466,0.00464784,1
0.289196,0.08247712,1
-0.01567368,-0.11385264,1
0.289196,0.08247712,1
0.01401637,0.1173725,1
0.05577095,0.13581242,1
0.06944541,-0.00693914,1
0.289196,0.08247712,1
0.05577095,0.13581242,1
0.05577095,0.13581242,1
-0.00861833,0.03774841,1
0.289196,0.08247712,1
-0.06693949,-0.0285905,1
-0.19564785,0.11325549,1
0.1945668,0.01820776,1
-0.13898088,-0.16700233,1
-0.19564785,0.11325549,1
0.064669,-0.07831107,1
-0.19564785,0.11325549,1
0.09433053,0.06945338,1
0.07826795,-0.00807943,1
-0.18294187,-0.00361958,1
-0.25649069,-0.09796083,1
0.05577095,0.13581242,1
0.09433053,0.06945338,1
0.02058772,-0.32765737,1
-0.14095666,-0.02809033,1
-0.04310817,0.00684352,1
-0.06760657,0.03949779,1
0.289196,0.08247712,1
-0.19564785,0.11325549,1
-0.19174414,-0.35838425,1
0.0401241,-0.03324014,1
0.06180513,0.01709478,1
0.1945668,0.01820776,1
-0.19564785,0.11325549,1
0.05577095,0.13581242,1
-0.00144124,-0.06330291,1
-0.01601856,0.0609878,1
0.05577095,0.13581242,1
-0.04725317,-0.13281092,1
-0.05941037,0.18255586,1
-0.1647451,-0.04168423,1
0.08891177,-0.04553763,1
0.23911424,0.04296034,1
0.05577095,0.13581242,1
0.289196,0.08247712,1
0.289196,0.08247712,1
-0.02889004,0.00056467,1
-0.30552788,-0.21563707,1
0.1453711,-0.16499477,1
-0.19125676,0.03941615,1
-0.19564785,0.11325549,1
0.06180513,0.01709478,1
-0.06693949,-0.0285905,1
0.02058772,-0.32765737,1
-0.15268597,-0.25511932,1
-0.01430425,0.14088387,1
0.0620221,-0.00276043,1
-0.09731042,-0.02620066,1
-0.11350581,0.1452182,1
0.1945668,0.01820776,1
-0.19564785,0.11325549,1
-0.19564785,0.11325549,1
-0.19564785,0.11325549,1
0.05577095,0.13581242,1
-0.14888914,-0.30387974,1
0.02871919,-0.17497812,1
0.19046795,0.06007101,1
0.289196,0.08247712,1
-0.19564785,0.11325549,1
0.289196,0.08247712,1
0.22416332,-0.08860365,1
0.02058772,-0.32765737,1
-0.06760657,0.03949779,1
-0.05220617,0.00466003,1
-0.12514735,0.16866801,1
0.05577095,0.13581242,1
0.09582599,-0.04346608,1
0.04010161,-0.02981747,1
-0.19564785,0.11325549,1
-0.19564785,0.11325549,1
-0.00457901,0.02056743,1
-0.10321749,-0.06067491,1
0.05577095,0.13581242,1
-0.19564785,0.11325549,1
0.00225135,0.05712256,1
-0.06693949,-0.0285905,1
0.05363364,0.00625108,1
0.02627552,-0.02747674,1
-0.13091146,0.05666617,1
-0.19564785,0.11325549,1
-0.19077856,0.07243728,1
-0.09479596,0.03327582,1
-0.20876935,0.03189728,1
0.18002044,0.093391,1
0.289196,0.08247712,1
-0.19914217,0.2133719,1
0.06944541,-0.00693914,1
-0.24693942,0.03224875,1
-0.17338155,-0.0508816,1
0.03686962,-0.04993027,1
0.02058772,-0.32765737,1
0.09433053,0.06945338,1
0.06180513,0.01709478,1
0.02058772,-0.32765737,1
0.08927876,0.04104126,1
0.13658211,0.04839286,1
-0.19564785,0.11325549,1
0.02643055,0.07007909,1
0.03343441,0.02010544,1
0.289196,0.08247712,1
0.289196,0.08247712,1
-0.1510762,-0.03253196,1
-0.19564785,0.11325549,1
0.02058772,-0.32765737,1
-0.19564785,0.11325549,1
0.289196,0.08247712,1
0.02058772,-0.32765737,1
0.05577095,0.13581242,1
0.06944541,-0.00693914,1
0.02058772,-0.32765737,1
-0.11443278,-0.14693207,1
0.02058772,-0.32765737,1
0.289196,0.08247712,1
0.09346518,0.07081642,1
0.04681165,-0.15955286,1
0.1945668,0.01820776,1
0.11372322,-0.0334481,1
0.03686962,-0.04993027,1
-0.21348166,-0.12268331,1
-0.03602607,-0.0063807,1
0.02058772,-0.32765737,1
0.05577095,0.13581242,1
-0.05220617,0.00466003,1
0.15176709,0.00672758,1
0.05577095,0.13581242,1
-0.19564785,0.11325549,1
0.04005285,-0.26352476,1
-0.19564785,0.11325549,1
-0.11350581,0.1452182,1
0.09346518,0.07081642,1
0.0052775,0.05854126,1
0.02058772,-0.32765737,1
-0.14905537,-0.28866836,1
0.03343441,0.02010544,1
-0.19564785,0.11325549,1
-0.13617369,0.34275828,1
0.2444131,-0.09083719,1
-0.01601856,0.0609878,1
0.05577095,0.13581242,1
0.05577095,0.13581242,1
2.39E-03,-7.76E-05,1
0.06452384,0.00660007,1
0.09582599,-0.04346608,1
-0.02213782,-0.12150526,1
-0.19564785,0.11325549,1
0.02058772,-0.32765737,1
0.02418548,-0.00423491,1
0.02058772,-0.32765737,1
-0.19077856,0.07243728,1
-0.19564785,0.11325549,1
0.289196,0.08247712,1
-0.02751082,-0.21236467,1
0.289196,0.08247712,1
0.05577095,0.13581242,1
0.02058772,-0.32765737,1
0.05577095,0.13581242,1
0.02058772,-0.32765737,1
-0.27115365,-0.17513778,1
0.289196,0.08247712,1
-0.25235304,-0.14882833,1
-0.19564785,0.11325549,1
0.05577095,0.13581242,1
-0.05042863,-0.04327805,1
-0.18962418,0.06276033,1
-0.00861833,0.03774841,1
-0.19564785,0.11325549,1
0.09433053,0.06945338,1
-0.19564785,0.11325549,1
0.02058772,-0.32765737,1
0.05577095,0.13581242,1
-0.32886902,-0.20929347,1
-0.19564785,0.11325549,1
-0.09731042,-0.02620066,1
0.05577095,0.13581242,1
-0.19564785,0.11325549,1
0.289196,0.08247712,1
-0.05220617,0.00466003,1
-0.09657764,0.04007872,1
0.05577095,0.13581242,1
-0.02106542,-0.00305267,1
-0.07661252,0.12335178,1
-0.09759497,0.02745359,1
0.23764849,0.00766251,1
-0.11545402,0.07703749,1
0.09346518,0.07081642,1
0.05854211,0.13585745,1
-0.03556599,0.03268468,1
0.289196,0.08247712,1
0.02058772,-0.32765737,1
0.289196,0.08247712,1
0.06180513,0.01709478,1
0.289196,0.08247712,1
-0.19125676,0.03941615,1
-0.01567368,-0.11385264,1
0.08796686,-0.15420956,1
0.00401702,-0.05147394,1
0.02058772,-0.32765737,1
0.06180513,0.01709478,1
-0.00932245,0.09350328,1
-0.15300183,0.0527411,1
-0.19564785,0.11325549,1
0.289196,0.08247712,1
-0.18962418,0.06276033,1
-0.06693949,-0.0285905,1
0.02643055,0.07007909,1
-0.42174947,-0.12560767,1
-0.11350581,0.1452182,1
-0.17718077,-0.23684659,1
0.05577095,0.13581242,1
0.02058772,-0.32765737,1
-0.19564785,0.11325549,1
0.02058772,-0.32765737,1
-0.06638931,0.02362335,1
-0.25649069,-0.09796083,1
0.15176709,0.00672758,1
-0.03986846,0.08308575,1
0.10172834,-0.11285656,1
-0.2192435,-0.17378057,1
-0.06760657,0.03949779,1
0.064669,-0.07831107,1
0.02638668,0.06293375,1
-0.19564785,0.11325549,1
0.289196,0.08247712,1
-0.09605037,0.15568924,1
0.02058772,-0.32765737,1
-0.04798244,0.01408173,1
0.05577095,0.13581242,1
0.01234491,-0.05030597,1
0.08872192,0.0800304,1
-0.19077856,0.07243728,1
0.08891177,-0.04553763,1
0.05577095,0.13581242,1
0.289196,0.08247712,1
-0.19564785,0.11325549,1
0.13658211,0.04839286,1
0.09582599,-0.04346608,1
-0.18962418,0.06276033,1
0.289196,0.08247712,1
0.05577095,0.13581242,1
-0.13091146,0.05666617,1
-0.03602607,-0.0063807,1
0.08927876,0.04104126,1
0.02058772,-0.32765737,1
0.23764849,0.00766251,1
-0.18962418,0.06276033,1
-0.03922617,-0.04550902,1
-0.19077856,0.07243728,1
0.289196,0.08247712,1
-0.03447607,0.10046731,1
-0.17870322,-0.02521,1
0.08927876,0.04104126,1
0.02058772,-0.32765737,1
0.02058772,-0.32765737,1
0.03263154,0.20440413,1
-0.05220617,0.00466003,1
0.28312844,-0.26246719,1
0.064669,-0.07831107,1
0.03686962,-0.04993027,1
-0.19564785,0.11325549,1
0.289196,0.08247712,1
0.02058772,-0.32765737,1
-0.19564785,0.11325549,1
-0.06693949,-0.0285905,1
-0.27013735,-0.23067511,1
0.05577095,0.13581242,1
-0.06760657,0.03949779,1
-0.2710007,-0.28506997,1
-0.18962418,0.06276033,1
0.02058772,-0.32765737,1
-0.06760657,0.03949779,1
0.16670905,-0.04675874,1
-0.19125676,0.03941615,1
-0.19564785,0.11325549,1
0.289196,0.08247712,1
-0.19564785,0.11325549,1
0.08891177,-0.04553763,1
0.289196,0.08247712,1
-0.07693531,-0.15121933,1
0.13277918,0.00601281,1
-0.19564785,0.11325549,1
0.23764849,0.00766251,1
-0.19125676,0.03941615,1
0.03313278,-0.07556618,1
-0.19564785,0.11325549,1
0.05577095,0.13581242,1
-0.19564785,0.11325549,1
-0.19564785,0.11325549,1
-0.06693949,-0.0285905,1
0.09582599,-0.04346608,1
-0.11350581,0.1452182,1
-0.21628657,-0.1636996,1
0.03963428,0.06288522,1
0.289196,0.08247712,1
-0.10030654,-0.04951382,1
0.289196,0.08247712,1
0.02058772,-0.32765737,1
0.01687336,0.03221768,1
-0.11350581,0.1452182,1
-0.01601856,0.0609878,1
0.289196,0.08247712,1
0.289196,0.08247712,1
-0.06760657,0.03949779,1
0.289196,0.08247712,1
0.289196,0.08247712,1
0.289196,0.08247712,1
0.013371,-0.00839527,1
0.09346518,0.07081642,1
-0.53582905,-0.04909565,1
0.05577095,0.13581242,1
0.289196,0.08247712,1
0.05764754,-0.14573554,1
0.289196,0.08247712,1
0.02058772,-0.32765737,1
-0.28803783,0.05992886,1
0.289196,0.08247712,1
0.02058772,-0.32765737,1
0.16921299,-0.13559816,1
-0.05220617,0.00466003,1
-0.03178891,-0.14184704,1
0.05577095,0.13581242,1
0.06195117,0.00373065,1
-0.09731042,-0.02620066,1
0.289196,0.08247712,1
0.02341382,-0.02393231,1
0.289196,0.08247712,1
0.09433053,0.06945338,1
-0.19564785,0.11325549,1
0.02066503,0.14535342,1
-0.03698718,-0.06166615,1
0.05577095,0.13581242,1
-0.19077856,0.07243728,1
-0.21348166,-0.12268331,1
0.289196,0.08247712,1
-0.11940575,0.07900135,1
0.02058772,-0.32765737,1
0.08891177,-0.04553763,1
0.289196,0.08247712,1
-0.19564785,0.11325549,1
0.1945668,0.01820776,1
0.19046795,0.06007101,1
0.02058772,-0.32765737,1
-0.19564785,0.11325549,1
0.02058772,-0.32765737,1
0.289196,0.08247712,1
0.02058772,-0.32765737,1
0.289196,0.08247712,1
0.05577095,0.13581242,1
-0.06638931,0.02362335,1
-0.06638931,0.02362335,1
-0.19564785,0.11325549,1
-0.19564785,0.11325549,1
-0.05220617,0.00466003,1
0.06195117,0.00373065,1
0.09582599,-0.04346608,1
0.06944541,-0.00693914,1
0.02058772,-0.32765737,1
0.20421046,-0.12425649,1
0.289196,0.08247712,1
-0.01115449,-0.05965467,1
0.02058772,-0.32765737,1
0.05577095,0.13581242,1
-0.06693949,-0.0285905,1
-0.16891613,0.0752897,1
-0.02213782,-0.12150526,1
0.05577095,0.13581242,1